Date,Year,Month,Value
185401,1854,Jan,-1.17
185402,1854,Feb,-0.95
185403,1854,Mar,-0.75
185404,1854,Apr,-0.52
185405,1854,May,-0.52
185406,1854,Jun,-0.92
185407,1854,Jul,-1.35
185408,1854,Aug,-1.52
185409,1854,Sep,-0.91
185410,1854,Oct,-1.25
185411,1854,Nov,-0.63
185412,1854,Dec,-0.69
185501,1855,Jan,0.33
185502,1855,Feb,0.44
185503,1855,Mar,0.08
185504,1855,Apr,-1.08
185505,1855,May,-2.05
185506,1855,Jun,-1.74
185507,1855,Jul,-1.8
185508,1855,Aug,-1.41
185509,1855,Sep,-0.93
185510,1855,Oct,-0.58
185511,1855,Nov,-0.21
185512,1855,Dec,0.2
185601,1856,Jan,0.07
185602,1856,Feb,0.34
185603,1856,Mar,-0.46
185604,1856,Apr,-0.89
185605,1856,May,-0.92
185606,1856,Jun,-0.7
185607,1856,Jul,-0.25
185608,1856,Aug,0.06
185609,1856,Sep,-0.83
185610,1856,Oct,-0.27
185611,1856,Nov,-0.13
185612,1856,Dec,-0.46
185701,1857,Jan,-0.91
185702,1857,Feb,-0.63
185703,1857,Mar,-0.47
185704,1857,Apr,-0.25
185705,1857,May,0.24
185706,1857,Jun,0.8
185707,1857,Jul,0.75
185708,1857,Aug,0.51
185709,1857,Sep,-0.06
185710,1857,Oct,-0.24
185711,1857,Nov,-0.27
185712,1857,Dec,-0.89
185801,1858,Jan,-1.46
185802,1858,Feb,-0.63
185803,1858,Mar,-0.82
185804,1858,Apr,-0.21
185805,1858,May,-0.03
185806,1858,Jun,0.51
185807,1858,Jul,-0.1
185808,1858,Aug,-0.11
185809,1858,Sep,-0.1
185810,1858,Oct,-0.19
185811,1858,Nov,0.75
185812,1858,Dec,0.57
185901,1859,Jan,0.72
185902,1859,Feb,-0.64
185903,1859,Mar,-0.94
185904,1859,Apr,-1.43
185905,1859,May,-1.29
185906,1859,Jun,-1.25
185907,1859,Jul,-0.43
185908,1859,Aug,-1.64
185909,1859,Sep,-1.76
185910,1859,Oct,-1
185911,1859,Nov,-0.04
185912,1859,Dec,-0.85
186001,1860,Jan,-1.13
186002,1860,Feb,-1.07
186003,1860,Mar,-1
186004,1860,Apr,-0.7
186005,1860,May,-0.44
186006,1860,Jun,0.56
186007,1860,Jul,0.55
186008,1860,Aug,0.12
186009,1860,Sep,3.07
186010,1860,Oct,0.57
186011,1860,Nov,-0.06
186012,1860,Dec,-0.76
186101,1861,Jan,-0.93
186102,1861,Feb,-1.17
186103,1861,Mar,-1.21
186104,1861,Apr,-1.1
186105,1861,May,-0.82
186106,1861,Jun,-0.64
186107,1861,Jul,-0.68
186108,1861,Aug,-0.97
186109,1861,Sep,-1.11
186110,1861,Oct,-1.54
186111,1861,Nov,-0.75
186112,1861,Dec,-0.51
186201,1862,Jan,-0.03
186202,1862,Feb,0.19
186203,1862,Mar,0.31
186204,1862,Apr,0.25
186205,1862,May,0.16
186206,1862,Jun,0.27
186207,1862,Jul,0.26
186208,1862,Aug,-0.26
186209,1862,Sep,-0.74
186210,1862,Oct,-0.67
186211,1862,Nov,-0.19
186212,1862,Dec,-0.23
186301,1863,Jan,-0.18
186302,1863,Feb,-0.18
186303,1863,Mar,-0.25
186304,1863,Apr,-0.02
186305,1863,May,0.23
186306,1863,Jun,0.12
186307,1863,Jul,-0.2
186308,1863,Aug,-0.24
186309,1863,Sep,0.12
186310,1863,Oct,0.33
186311,1863,Nov,0.33
186312,1863,Dec,0.06
186401,1864,Jan,-0.02
186402,1864,Feb,-0.12
186403,1864,Mar,-0.4
186404,1864,Apr,-0.38
186405,1864,May,-0.17
186406,1864,Jun,0.07
186407,1864,Jul,-0.18
186408,1864,Aug,-0.28
186409,1864,Sep,-0.34
186410,1864,Oct,-0.29
186411,1864,Nov,-0.1
186412,1864,Dec,-0.01
186501,1865,Jan,-0.53
186502,1865,Feb,-0.71
186503,1865,Mar,-0.14
186504,1865,Apr,-0.21
186505,1865,May,-0.22
186506,1865,Jun,-0.14
186507,1865,Jul,-0.05
186508,1865,Aug,0.02
186509,1865,Sep,-0.33
186510,1865,Oct,-0.35
186511,1865,Nov,-0.4
186512,1865,Dec,-0.64
186601,1866,Jan,-1.66
186602,1866,Feb,-1.64
186603,1866,Mar,-1.75
186604,1866,Apr,-0.01
186605,1866,May,-0.54
186606,1866,Jun,-0.37
186607,1866,Jul,-0.24
186608,1866,Aug,-0.27
186609,1866,Sep,-0.32
186610,1866,Oct,-0.19
186611,1866,Nov,0.04
186612,1866,Dec,-0.02
186701,1867,Jan,-0.01
186702,1867,Feb,-0.09
186703,1867,Mar,-0.26
186704,1867,Apr,-0.27
186705,1867,May,-0.17
186706,1867,Jun,-0.27
186707,1867,Jul,-0.26
186708,1867,Aug,-0.42
186709,1867,Sep,-0.49
186710,1867,Oct,-0.51
186711,1867,Nov,-0.38
186712,1867,Dec,-0.35
186801,1868,Jan,-0.22
186802,1868,Feb,-0.23
186803,1868,Mar,-0.23
186804,1868,Apr,-0.31
186805,1868,May,-0.44
186806,1868,Jun,-0.17
186807,1868,Jul,-0.14
186808,1868,Aug,-0.13
186809,1868,Sep,0
186810,1868,Oct,-0.11
186811,1868,Nov,-0.41
186812,1868,Dec,-0.23
186901,1869,Jan,-0.12
186902,1869,Feb,-0.05
186903,1869,Mar,0.28
186904,1869,Apr,0.84
186905,1869,May,2.22
186906,1869,Jun,3.01
186907,1869,Jul,2.4
186908,1869,Aug,0.43
186909,1869,Sep,0.25
186910,1869,Oct,0.43
186911,1869,Nov,-0.06
186912,1869,Dec,0.04
187001,1870,Jan,-0.49
187002,1870,Feb,-0.31
187003,1870,Mar,-0.68
187004,1870,Apr,-0.88
187005,1870,May,-1.16
187006,1870,Jun,-0.7
187007,1870,Jul,0.24
187008,1870,Aug,0.63
187009,1870,Sep,0.02
187010,1870,Oct,-0.56
187011,1870,Nov,-1.78
187012,1870,Dec,-1.21
187101,1871,Jan,-0.98
187102,1871,Feb,-0.41
187103,1871,Mar,-0.13
187104,1871,Apr,0.05
187105,1871,May,0.33
187106,1871,Jun,0.89
187107,1871,Jul,-0.42
187108,1871,Aug,-0.49
187109,1871,Sep,-0.79
187110,1871,Oct,-1.06
187111,1871,Nov,-1.47
187112,1871,Dec,-0.6
187201,1872,Jan,-0.41
187202,1872,Feb,-0.33
187203,1872,Mar,-0.23
187204,1872,Apr,-0.52
187205,1872,May,-0.32
187206,1872,Jun,-0.22
187207,1872,Jul,-0.52
187208,1872,Aug,-0.82
187209,1872,Sep,-0.16
187210,1872,Oct,-0.34
187211,1872,Nov,-1.97
187212,1872,Dec,-2.21
187301,1873,Jan,-2.27
187302,1873,Feb,-1.77
187303,1873,Mar,-1.43
187304,1873,Apr,-0.48
187305,1873,May,-0.5
187306,1873,Jun,-0.4
187307,1873,Jul,-0.49
187308,1873,Aug,-1.24
187309,1873,Sep,-1.5
187310,1873,Oct,-1.11
187311,1873,Nov,-1.04
187312,1873,Dec,-1.02
187401,1874,Jan,-0.75
187402,1874,Feb,-0.38
187403,1874,Mar,-0.47
187404,1874,Apr,-0.5
187405,1874,May,0.21
187406,1874,Jun,-0.05
187407,1874,Jul,-0.2
187408,1874,Aug,-0.34
187409,1874,Sep,0.22
187410,1874,Oct,0.72
187411,1874,Nov,0.85
187412,1874,Dec,-0.42
187501,1875,Jan,-0.84
187502,1875,Feb,-1.35
187503,1875,Mar,-1.48
187504,1875,Apr,-1.6
187505,1875,May,-0.86
187506,1875,Jun,-0.88
187507,1875,Jul,-1.31
187508,1875,Aug,-1.62
187509,1875,Sep,-1.37
187510,1875,Oct,-0.59
187511,1875,Nov,0
187512,1875,Dec,-0.27
187601,1876,Jan,-0.77
187602,1876,Feb,-0.89
187603,1876,Mar,-0.89
187604,1876,Apr,-0.09
187605,1876,May,-1.87
187606,1876,Jun,-0.75
187607,1876,Jul,-1.81
187608,1876,Aug,-2.71
187609,1876,Sep,-1.67
187610,1876,Oct,-0.67
187611,1876,Nov,-0.58
187612,1876,Dec,-1.15
187701,1877,Jan,-0.73
187702,1877,Feb,-0.14
187703,1877,Mar,0.68
187704,1877,Apr,-0.65
187705,1877,May,-0.55
187706,1877,Jun,-1.11
187707,1877,Jul,-0.95
187708,1877,Aug,-1.08
187709,1877,Sep,-1.3
187710,1877,Oct,-1.46
187711,1877,Nov,-3.02
187712,1877,Dec,0.2
187801,1878,Jan,-0.59
187802,1878,Feb,-0.34
187803,1878,Mar,0.19
187804,1878,Apr,1.36
187805,1878,May,1.39
187806,1878,Jun,2.84
187807,1878,Jul,1.69
187808,1878,Aug,0.48
187809,1878,Sep,-0.83
187810,1878,Oct,-0.31
187811,1878,Nov,0.77
187812,1878,Dec,1.16
187901,1879,Jan,-0.67
187902,1879,Feb,0.14
187903,1879,Mar,0.34
187904,1879,Apr,1.01
187905,1879,May,-1.12
187906,1879,Jun,-1.25
187907,1879,Jul,-2.15
187908,1879,Aug,-0.46
187909,1879,Sep,-0.78
187910,1879,Oct,-1.27
187911,1879,Nov,-1.02
187912,1879,Dec,-0.67
188001,1880,Jan,-0.82
188002,1880,Feb,-1.13
188003,1880,Mar,-2.01
188004,1880,Apr,-3.23
188005,1880,May,-3.16
188006,1880,Jun,-2.99
188007,1880,Jul,-2.78
188008,1880,Aug,-2.54
188009,1880,Sep,-2.14
188010,1880,Oct,-1.18
188011,1880,Nov,-1.52
188012,1880,Dec,0.68
188101,1881,Jan,0.27
188102,1881,Feb,-1
188103,1881,Mar,-0.36
188104,1881,Apr,0.56
188105,1881,May,0.29
188106,1881,Jun,0.08
188107,1881,Jul,-1.31
188108,1881,Aug,-2.01
188109,1881,Sep,0.46
188110,1881,Oct,0.58
188111,1881,Nov,-0.05
188112,1881,Dec,-0.64
188201,1882,Jan,-2.71
188202,1882,Feb,-1.98
188203,1882,Mar,-2.61
188204,1882,Apr,-2.92
188205,1882,May,-2.51
188206,1882,Jun,-1.1
188207,1882,Jul,-2.5
188208,1882,Aug,-0.84
188209,1882,Sep,-0.78
188210,1882,Oct,-1.68
188211,1882,Nov,-1.88
188212,1882,Dec,-0.72
188301,1883,Jan,-1.48
188302,1883,Feb,-1.57
188303,1883,Mar,-1.51
188304,1883,Apr,-0.49
188305,1883,May,-0.51
188306,1883,Jun,-0.87
188307,1883,Jul,-1.75
188308,1883,Aug,-1.94
188309,1883,Sep,-2.14
188310,1883,Oct,-1.21
188311,1883,Nov,-0.14
188312,1883,Dec,-1.4
188401,1884,Jan,-1.97
188402,1884,Feb,-1.67
188403,1884,Mar,-1.09
188404,1884,Apr,-0.43
188405,1884,May,0.05
188406,1884,Jun,0.69
188407,1884,Jul,0.9
188408,1884,Aug,1.12
188409,1884,Sep,0.68
188410,1884,Oct,-0.19
188411,1884,Nov,1.3
188412,1884,Dec,1.4
188501,1885,Jan,3.69
188502,1885,Feb,0.63
188503,1885,Mar,1.59
188504,1885,Apr,1.17
188505,1885,May,0.74
188506,1885,Jun,-0.52
188507,1885,Jul,-0.51
188508,1885,Aug,-0.42
188509,1885,Sep,-0.64
188510,1885,Oct,0.02
188511,1885,Nov,-0.11
188512,1885,Dec,-0.51
188601,1886,Jan,-0.41
188602,1886,Feb,-0.22
188603,1886,Mar,-1.01
188604,1886,Apr,-0.56
188605,1886,May,-0.47
188606,1886,Jun,-1.47
188607,1886,Jul,-0.16
188608,1886,Aug,-0.61
188609,1886,Sep,-0.39
188610,1886,Oct,-1.04
188611,1886,Nov,-1.68
188612,1886,Dec,-1.2
188701,1887,Jan,-0.64
188702,1887,Feb,-1.9
188703,1887,Mar,-1.68
188704,1887,Apr,-1.76
188705,1887,May,-1.95
188706,1887,Jun,-0.59
188707,1887,Jul,-0.42
188708,1887,Aug,-1.05
188709,1887,Sep,-1.22
188710,1887,Oct,-0.47
188711,1887,Nov,-1.01
188712,1887,Dec,-1.29
188801,1888,Jan,-0.89
188802,1888,Feb,-0.48
188803,1888,Mar,-1.14
188804,1888,Apr,-0.99
188805,1888,May,0.98
188806,1888,Jun,1.96
188807,1888,Jul,1.94
188808,1888,Aug,0.85
188809,1888,Sep,1.07
188810,1888,Oct,0.95
188811,1888,Nov,0.45
188812,1888,Dec,0.52
188901,1889,Jan,0.33
188902,1889,Feb,0.06
188903,1889,Mar,-0.13
188904,1889,Apr,0.87
188905,1889,May,0.77
188906,1889,Jun,0.69
188907,1889,Jul,-0.19
188908,1889,Aug,-1.09
188909,1889,Sep,-0.31
188910,1889,Oct,0.41
188911,1889,Nov,1.38
188912,1889,Dec,0.08
189001,1890,Jan,-0.64
189002,1890,Feb,-0.69
189003,1890,Mar,-1.22
189004,1890,Apr,-0.53
189005,1890,May,-0.71
189006,1890,Jun,-1.88
189007,1890,Jul,-1.15
189008,1890,Aug,-0.78
189009,1890,Sep,-0.54
189010,1890,Oct,-0.37
189011,1890,Nov,-0.44
189012,1890,Dec,-0.35
189101,1891,Jan,-0.41
189102,1891,Feb,-0.65
189103,1891,Mar,-0.53
189104,1891,Apr,-0.93
189105,1891,May,-0.23
189106,1891,Jun,-0.52
189107,1891,Jul,-0.19
189108,1891,Aug,-0.36
189109,1891,Sep,-0.82
189110,1891,Oct,0.23
189111,1891,Nov,0.29
189112,1891,Dec,-0.17
189201,1892,Jan,-1.02
189202,1892,Feb,-0.8
189203,1892,Mar,-0.22
189204,1892,Apr,-0.88
189205,1892,May,-1.45
189206,1892,Jun,-1.45
189207,1892,Jul,-1.16
189208,1892,Aug,-1.68
189209,1892,Sep,-2.85
189210,1892,Oct,-1.95
189211,1892,Nov,-0.01
189212,1892,Dec,-0.34
189301,1893,Jan,-0.38
189302,1893,Feb,-0.1
189303,1893,Mar,-0.64
189304,1893,Apr,-1
189305,1893,May,-3.01
189306,1893,Jun,-2.5
189307,1893,Jul,-2.25
189308,1893,Aug,-1.98
189309,1893,Sep,-1.63
189310,1893,Oct,-2.02
189311,1893,Nov,-1.85
189312,1893,Dec,-2.03
189401,1894,Jan,-2.31
189402,1894,Feb,-3.64
189403,1894,Mar,-3.74
189404,1894,Apr,-4.25
189405,1894,May,-3.63
189406,1894,Jun,-2.26
189407,1894,Jul,-2.08
189408,1894,Aug,-2.65
189409,1894,Sep,-3.16
189410,1894,Oct,-3.73
189411,1894,Nov,-3.18
189412,1894,Dec,-1.55
189501,1895,Jan,-1.02
189502,1895,Feb,-0.39
189503,1895,Mar,0.25
189504,1895,Apr,-0.12
189505,1895,May,-0.16
189506,1895,Jun,0.18
189507,1895,Jul,0.92
189508,1895,Aug,0.27
189509,1895,Sep,-2.09
189510,1895,Oct,-1.81
189511,1895,Nov,-2.22
189512,1895,Dec,-2.02
189601,1896,Jan,-0.83
189602,1896,Feb,-0.32
189603,1896,Mar,-0.33
189604,1896,Apr,-0.84
189605,1896,May,-1.77
189606,1896,Jun,-1.95
189607,1896,Jul,-1.68
189608,1896,Aug,-1.58
189609,1896,Sep,1.67
189610,1896,Oct,1.14
189611,1896,Nov,1.18
189612,1896,Dec,-0.15
189701,1897,Jan,0.43
189702,1897,Feb,0.1
189703,1897,Mar,-0.19
189704,1897,Apr,0.08
189705,1897,May,-0.26
189706,1897,Jun,0.65
189707,1897,Jul,0.69
189708,1897,Aug,0.34
189709,1897,Sep,0.04
189710,1897,Oct,0.77
189711,1897,Nov,0.65
189712,1897,Dec,1.02
189801,1898,Jan,1.56
189802,1898,Feb,0.9
189803,1898,Mar,-0.54
189804,1898,Apr,1.06
189805,1898,May,1.44
189806,1898,Jun,0.88
189807,1898,Jul,-0.28
189808,1898,Aug,-0.28
189809,1898,Sep,-0.09
189810,1898,Oct,0.15
189811,1898,Nov,0.4
189812,1898,Dec,0.1
189901,1899,Jan,0.22
189902,1899,Feb,-0.41
189903,1899,Mar,-0.03
189904,1899,Apr,-0.36
189905,1899,May,-1.15
189906,1899,Jun,-1.47
189907,1899,Jul,-0.5
189908,1899,Aug,-0.08
189909,1899,Sep,-0.77
189910,1899,Oct,-0.67
189911,1899,Nov,-0.02
189912,1899,Dec,0.56
190001,1900,Jan,0.52
190002,1900,Feb,0.03
190003,1900,Mar,0.66
190004,1900,Apr,2.43
190005,1900,May,0.58
190006,1900,Jun,0.5
190007,1900,Jul,0.41
190008,1900,Aug,0.52
190009,1900,Sep,-0.2
190010,1900,Oct,0.11
190011,1900,Nov,0.14
190012,1900,Dec,0.3
190101,1901,Jan,0.77
190102,1901,Feb,0.65
190103,1901,Mar,0.19
190104,1901,Apr,-0.55
190105,1901,May,-0.98
190106,1901,Jun,-1.22
190107,1901,Jul,-1.34
190108,1901,Aug,0.09
190109,1901,Sep,0.31
190110,1901,Oct,0.15
190111,1901,Nov,-0.24
190112,1901,Dec,0.78
190201,1902,Jan,1.16
190202,1902,Feb,1.06
190203,1902,Mar,0.51
190204,1902,Apr,0.69
190205,1902,May,1.09
190206,1902,Jun,2.18
190207,1902,Jul,3.28
190208,1902,Aug,2.15
190209,1902,Sep,0.88
190210,1902,Oct,0.51
190211,1902,Nov,0.17
190212,1902,Dec,0.45
190301,1903,Jan,0.15
190302,1903,Feb,-0.12
190303,1903,Mar,-0.23
190304,1903,Apr,-1.49
190305,1903,May,-0.41
190306,1903,Jun,0.01
190307,1903,Jul,0.83
190308,1903,Aug,0.95
190309,1903,Sep,0.27
190310,1903,Oct,0.36
190311,1903,Nov,0.06
190312,1903,Dec,0.27
190401,1904,Jan,1.04
190402,1904,Feb,0.89
190403,1904,Mar,0.81
190404,1904,Apr,0.15
190405,1904,May,0.46
190406,1904,Jun,-0.43
190407,1904,Jul,-1.51
190408,1904,Aug,0.61
190409,1904,Sep,2.73
190410,1904,Oct,1.6
190411,1904,Nov,1.26
190412,1904,Dec,0.71
190501,1905,Jan,1.5
190502,1905,Feb,-0.04
190503,1905,Mar,1.12
190504,1905,Apr,1.88
190505,1905,May,1.57
190506,1905,Jun,1.71
190507,1905,Jul,1.54
190508,1905,Aug,2.23
190509,1905,Sep,1.48
190510,1905,Oct,-0.11
190511,1905,Nov,1.18
190512,1905,Dec,0.09
190601,1906,Jan,1.27
190602,1906,Feb,1.16
190603,1906,Mar,0.11
190604,1906,Apr,-0.48
190605,1906,May,0.87
190606,1906,Jun,0.96
190607,1906,Jul,0.79
190608,1906,Aug,0.68
190609,1906,Sep,0.54
190610,1906,Oct,1.3
190611,1906,Nov,0.96
190612,1906,Dec,-0.23
190701,1907,Jan,-0.56
190702,1907,Feb,-0.44
190703,1907,Mar,-2.29
190704,1907,Apr,-1.19
190705,1907,May,0.75
190706,1907,Jun,1
190707,1907,Jul,0.82
190708,1907,Aug,0.34
190709,1907,Sep,0.42
190710,1907,Oct,1.62
190711,1907,Nov,1.57
190712,1907,Dec,1.88
190801,1908,Jan,1.73
190802,1908,Feb,1.48
190803,1908,Mar,0.37
190804,1908,Apr,-0.18
190805,1908,May,-0.27
190806,1908,Jun,-0.2
190807,1908,Jul,-0.04
190808,1908,Aug,-0.03
190809,1908,Sep,0.26
190810,1908,Oct,0.61
190811,1908,Nov,1.52
190812,1908,Dec,1.22
190901,1909,Jan,0.44
190902,1909,Feb,0.45
190903,1909,Mar,0.71
190904,1909,Apr,0.12
190905,1909,May,-0.31
190906,1909,Jun,-0.22
190907,1909,Jul,-1.68
190908,1909,Aug,-2.25
190909,1909,Sep,-1.94
190910,1909,Oct,-0.13
190911,1909,Nov,-0.97
190912,1909,Dec,-2.29
191001,1910,Jan,-2.33
191002,1910,Feb,-1.11
191003,1910,Mar,-1.11
191004,1910,Apr,-2.57
191005,1910,May,-1.73
191006,1910,Jun,-0.18
191007,1910,Jul,-0.1
191008,1910,Aug,-1.12
191009,1910,Sep,0.5
191010,1910,Oct,-0.74
191011,1910,Nov,-0.62
191012,1910,Dec,0.44
191101,1911,Jan,-0.69
191102,1911,Feb,-1.43
191103,1911,Mar,-1.76
191104,1911,Apr,-0.82
191105,1911,May,-0.83
191106,1911,Jun,-0.82
191107,1911,Jul,0.49
191108,1911,Aug,0.65
191109,1911,Sep,-0.26
191110,1911,Oct,-0.17
191111,1911,Nov,-0.16
191112,1911,Dec,-1.21
191201,1912,Jan,-0.72
191202,1912,Feb,-0.45
191203,1912,Mar,-0.84
191204,1912,Apr,-0.62
191205,1912,May,-0.01
191206,1912,Jun,0.6
191207,1912,Jul,0.34
191208,1912,Aug,0.35
191209,1912,Sep,1.1
191210,1912,Oct,0.83
191211,1912,Nov,0.01
191212,1912,Dec,-0.1
191301,1913,Jan,-0.61
191302,1913,Feb,-0.33
191303,1913,Mar,-0.52
191304,1913,Apr,-0.93
191305,1913,May,0.01
191306,1913,Jun,0.24
191307,1913,Jul,1.03
191308,1913,Aug,1.22
191309,1913,Sep,0.75
191310,1913,Oct,0.32
191311,1913,Nov,0.26
191312,1913,Dec,-0.11
191401,1914,Jan,-0.37
191402,1914,Feb,-0.41
191403,1914,Mar,-0.21
191404,1914,Apr,0.74
191405,1914,May,0.27
191406,1914,Jun,-0.63
191407,1914,Jul,-0.87
191408,1914,Aug,-1.08
191409,1914,Sep,-1.21
191410,1914,Oct,-0.63
191411,1914,Nov,-0.24
191412,1914,Dec,-0.16
191501,1915,Jan,-0.72
191502,1915,Feb,-0.79
191503,1915,Mar,0.14
191504,1915,Apr,1.28
191505,1915,May,1.43
191506,1915,Jun,1.4
191507,1915,Jul,1.04
191508,1915,Aug,0.43
191509,1915,Sep,-0.16
191510,1915,Oct,-1.47
191511,1915,Nov,-1.52
191512,1915,Dec,-1.09
191601,1916,Jan,-1.83
191602,1916,Feb,-1.77
191603,1916,Mar,-1.46
191604,1916,Apr,-0.7
191605,1916,May,-0.49
191606,1916,Jun,-1.48
191607,1916,Jul,-1.45
191608,1916,Aug,-2.23
191609,1916,Sep,-2.16
191610,1916,Oct,-1.9
191611,1916,Nov,-2.57
191612,1916,Dec,-2.86
191701,1917,Jan,-2.08
191702,1917,Feb,-2.08
191703,1917,Mar,-2.16
191704,1917,Apr,-1.86
191705,1917,May,-1.19
191706,1917,Jun,-0.87
191707,1917,Jul,-0.76
191708,1917,Aug,-0.69
191709,1917,Sep,-1.3
191710,1917,Oct,-1.69
191711,1917,Nov,-1.07
191712,1917,Dec,-1.06
191801,1918,Jan,-0.13
191802,1918,Feb,-0.43
191803,1918,Mar,-0.96
191804,1918,Apr,-0.98
191805,1918,May,-1.17
191806,1918,Jun,-0.41
191807,1918,Jul,-0.05
191808,1918,Aug,0.39
191809,1918,Sep,0.68
191810,1918,Oct,1.51
191811,1918,Nov,1.3
191812,1918,Dec,0.39
191901,1919,Jan,0.47
191902,1919,Feb,0.04
191903,1919,Mar,-0.67
191904,1919,Apr,-0.53
191905,1919,May,-1.17
191906,1919,Jun,-1.31
191907,1919,Jul,-1.82
191908,1919,Aug,-1.03
191909,1919,Sep,-0.36
191910,1919,Oct,-0.7
191911,1919,Nov,-0.9
191912,1919,Dec,-0.62
192001,1920,Jan,-1.1
192002,1920,Feb,-0.99
192003,1920,Mar,-1.14
192004,1920,Apr,-1.56
192005,1920,May,-1.3
192006,1920,Jun,-1.18
192007,1920,Jul,-1.67
192008,1920,Aug,-2.38
192009,1920,Sep,-2.54
192010,1920,Oct,-1.67
192011,1920,Nov,-0.81
192012,1920,Dec,-0.59
192101,1921,Jan,-1.26
192102,1921,Feb,-1.61
192103,1921,Mar,-1.07
192104,1921,Apr,-1.74
192105,1921,May,-1.35
192106,1921,Jun,-0.79
192107,1921,Jul,-1.68
192108,1921,Aug,-2.01
192109,1921,Sep,-1.66
192110,1921,Oct,-1.75
192111,1921,Nov,-0.95
192112,1921,Dec,-0.25
192201,1922,Jan,-0.45
192202,1922,Feb,-1.51
192203,1922,Mar,-1.76
192204,1922,Apr,-1.71
192205,1922,May,-1.61
192206,1922,Jun,-1.11
192207,1922,Jul,-0.78
192208,1922,Aug,-0.74
192209,1922,Sep,-0.55
192210,1922,Oct,-0.55
192211,1922,Nov,-1.18
192212,1922,Dec,0.27
192301,1923,Jan,0.01
192302,1923,Feb,-0.95
192303,1923,Mar,-1.23
192304,1923,Apr,-0.64
192305,1923,May,-0.02
192306,1923,Jun,-0.96
192307,1923,Jul,0.49
192308,1923,Aug,-0.02
192309,1923,Sep,-0.26
192310,1923,Oct,0.22
192311,1923,Nov,-0.22
192312,1923,Dec,-0.32
192401,1924,Jan,-0.89
192402,1924,Feb,-0.82
192403,1924,Mar,-0.45
192404,1924,Apr,-1.05
192405,1924,May,-0.48
192406,1924,Jun,-0.32
192407,1924,Jul,-1.14
192408,1924,Aug,-1.44
192409,1924,Sep,-1.71
192410,1924,Oct,-2.23
192411,1924,Nov,-1.77
192412,1924,Dec,-0.59
192501,1925,Jan,-1.34
192502,1925,Feb,-0.9
192503,1925,Mar,-0.82
192504,1925,Apr,-1.05
192505,1925,May,-0.3
192506,1925,Jun,-1.09
192507,1925,Jul,-0.83
192508,1925,Aug,-0.85
192509,1925,Sep,0.08
192510,1925,Oct,0.16
192511,1925,Nov,0.51
192512,1925,Dec,0.46
192601,1926,Jan,0.88
192602,1926,Feb,1.2
192603,1926,Mar,1.09
192604,1926,Apr,1.73
192605,1926,May,2.18
192606,1926,Jun,1.79
192607,1926,Jul,2
192608,1926,Aug,1.54
192609,1926,Sep,1.39
192610,1926,Oct,1.54
192611,1926,Nov,2.26
192612,1926,Dec,1.65
192701,1927,Jan,0.68
192702,1927,Feb,1.2
192703,1927,Mar,0.73
192704,1927,Apr,-0.05
192705,1927,May,-0.06
192706,1927,Jun,0.52
192707,1927,Jul,-0.36
192708,1927,Aug,-0.76
192709,1927,Sep,-0.11
192710,1927,Oct,-0.75
192711,1927,Nov,-0.42
192712,1927,Dec,-0.32
192801,1928,Jan,0.31
192802,1928,Feb,0.58
192803,1928,Mar,0.78
192804,1928,Apr,0.4
192805,1928,May,0.6
192806,1928,Jun,1.09
192807,1928,Jul,-0.51
192808,1928,Aug,-0.89
192809,1928,Sep,-1.87
192810,1928,Oct,-1.19
192811,1928,Nov,0.01
192812,1928,Dec,0.55
192901,1929,Jan,0.5
192902,1929,Feb,0.09
192903,1929,Mar,-0.04
192904,1929,Apr,0.21
192905,1929,May,0.42
192906,1929,Jun,0.79
192907,1929,Jul,-0.05
192908,1929,Aug,-0.31
192909,1929,Sep,0.73
192910,1929,Oct,0.96
192911,1929,Nov,0.63
192912,1929,Dec,1.44
193001,1930,Jan,0.83
193002,1930,Feb,0.51
193003,1930,Mar,-0.01
193004,1930,Apr,0.15
193005,1930,May,-0.12
193006,1930,Jun,0.17
193007,1930,Jul,0.12
193008,1930,Aug,-0.33
193009,1930,Sep,0.27
193010,1930,Oct,-0.13
193011,1930,Nov,-0.23
193012,1930,Dec,0.52
193101,1931,Jan,0.72
193102,1931,Feb,0.9
193103,1931,Mar,0.89
193104,1931,Apr,1.59
193105,1931,May,1.95
193106,1931,Jun,1.96
193107,1931,Jul,2.01
193108,1931,Aug,0.75
193109,1931,Sep,0.62
193110,1931,Oct,-0.17
193111,1931,Nov,-0.35
193112,1931,Dec,-1.15
193201,1932,Jan,-1.41
193202,1932,Feb,-1.99
193203,1932,Mar,-1.16
193204,1932,Apr,0.19
193205,1932,May,-0.04
193206,1932,Jun,-0.04
193207,1932,Jul,-0.2
193208,1932,Aug,-0.48
193209,1932,Sep,-1.24
193210,1932,Oct,-0.25
193211,1932,Nov,-0.38
193212,1932,Dec,-0.14
193301,1933,Jan,-0.92
193302,1933,Feb,-1.26
193303,1933,Mar,-1.15
193304,1933,Apr,-0.99
193305,1933,May,-1.8
193306,1933,Jun,-1.98
193307,1933,Jul,-3.14
193308,1933,Aug,-2.82
193309,1933,Sep,-2.79
193310,1933,Oct,-1.78
193311,1933,Nov,-0.6
193312,1933,Dec,-0.81
193401,1934,Jan,-0.53
193402,1934,Feb,-0.22
193403,1934,Mar,0.69
193404,1934,Apr,1.21
193405,1934,May,0.61
193406,1934,Jun,-0.24
193407,1934,Jul,0.11
193408,1934,Aug,1.15
193409,1934,Sep,1
193410,1934,Oct,1.79
193411,1934,Nov,1.37
193412,1934,Dec,1.36
193501,1935,Jan,0.55
193502,1935,Feb,0.02
193503,1935,Mar,-0.37
193504,1935,Apr,0.14
193505,1935,May,0.71
193506,1935,Jun,1.35
193507,1935,Jul,0.51
193508,1935,Aug,0.22
193509,1935,Sep,0.23
193510,1935,Oct,0.2
193511,1935,Nov,-0.1
193512,1935,Dec,1.09
193601,1936,Jan,1.66
193602,1936,Feb,1.15
193603,1936,Mar,0.88
193604,1936,Apr,1
193605,1936,May,1.46
193606,1936,Jun,2.39
193607,1936,Jul,2.61
193608,1936,Aug,1.76
193609,1936,Sep,0.8
193610,1936,Oct,1.97
193611,1936,Nov,2.61
193612,1936,Dec,1.35
193701,1937,Jan,-0.21
193702,1937,Feb,-0.86
193703,1937,Mar,-0.52
193704,1937,Apr,-0.76
193705,1937,May,-0.45
193706,1937,Jun,1.32
193707,1937,Jul,-0.42
193708,1937,Aug,-1.09
193709,1937,Sep,-0.27
193710,1937,Oct,0.31
193711,1937,Nov,0.26
193712,1937,Dec,0.54
193801,1938,Jan,1.03
193802,1938,Feb,0.05
193803,1938,Mar,-0.72
193804,1938,Apr,-0.26
193805,1938,May,-0.61
193806,1938,Jun,-0.52
193807,1938,Jul,-0.6
193808,1938,Aug,-0.63
193809,1938,Sep,-0.34
193810,1938,Oct,0.52
193811,1938,Nov,-0.31
193812,1938,Dec,0.9
193901,1939,Jan,0.88
193902,1939,Feb,-0.19
193903,1939,Mar,-0.78
193904,1939,Apr,0.01
193905,1939,May,0
193906,1939,Jun,0.04
193907,1939,Jul,-1.03
193908,1939,Aug,-1.18
193909,1939,Sep,-1.55
193910,1939,Oct,-1.61
193911,1939,Nov,-1.07
193912,1939,Dec,1.37
194001,1940,Jan,1.74
194002,1940,Feb,1.43
194003,1940,Mar,1.8
194004,1940,Apr,2.05
194005,1940,May,1.79
194006,1940,Jun,2.23
194007,1940,Jul,1.79
194008,1940,Aug,1.41
194009,1940,Sep,1.29
194010,1940,Oct,1.32
194011,1940,Nov,1.42
194012,1940,Dec,2.66
194101,1941,Jan,2.77
194102,1941,Feb,2.89
194103,1941,Mar,2.57
194104,1941,Apr,2.35
194105,1941,May,2.24
194106,1941,Jun,3.07
194107,1941,Jul,2.74
194108,1941,Aug,2.96
194109,1941,Sep,1.97
194110,1941,Oct,1.22
194111,1941,Nov,1.7
194112,1941,Dec,2.25
194201,1942,Jan,2.48
194202,1942,Feb,1.58
194203,1942,Mar,0.66
194204,1942,Apr,0.82
194205,1942,May,0.62
194206,1942,Jun,1.1
194207,1942,Jul,0.57
194208,1942,Aug,0.36
194209,1942,Sep,0.11
194210,1942,Oct,0.03
194211,1942,Nov,-0.25
194212,1942,Dec,-1.25
194301,1943,Jan,-1.69
194302,1943,Feb,-0.48
194303,1943,Mar,0.16
194304,1943,Apr,0.45
194305,1943,May,0.5
194306,1943,Jun,-0.1
194307,1943,Jul,-0.55
194308,1943,Aug,-1.73
194309,1943,Sep,-1.34
194310,1943,Oct,-1.44
194311,1943,Nov,-0.17
194312,1943,Dec,1.79
194401,1944,Jan,0.86
194402,1944,Feb,0.23
194403,1944,Mar,-0.48
194404,1944,Apr,-0.72
194405,1944,May,-1.34
194406,1944,Jun,-1.68
194407,1944,Jul,-1.56
194408,1944,Aug,-0.94
194409,1944,Sep,-1.69
194410,1944,Oct,-1.19
194411,1944,Nov,-0.74
194412,1944,Dec,-0.56
194501,1945,Jan,-0.3
194502,1945,Feb,-0.46
194503,1945,Mar,-0.22
194504,1945,Apr,-0.2
194505,1945,May,-0.11
194506,1945,Jun,0.38
194507,1945,Jul,-0.27
194508,1945,Aug,-0.87
194509,1945,Sep,-0.59
194510,1945,Oct,-0.49
194511,1945,Nov,-1.46
194512,1945,Dec,-2.16
194601,1946,Jan,-1.36
194602,1946,Feb,0.34
194603,1946,Mar,0.01
194604,1946,Apr,0.55
194605,1946,May,0.68
194606,1946,Jun,0.65
194607,1946,Jul,0.3
194608,1946,Aug,-0.27
194609,1946,Sep,-0.35
194610,1946,Oct,-1.24
194611,1946,Nov,-1.57
194612,1946,Dec,-1.04
194701,1947,Jan,-0.09
194702,1947,Feb,0.02
194703,1947,Mar,-0.06
194704,1947,Apr,-0.39
194705,1947,May,0.06
194706,1947,Jun,1.03
194707,1947,Jul,0.7
194708,1947,Aug,0.5
194709,1947,Sep,0.55
194710,1947,Oct,1.6
194711,1947,Nov,0.13
194712,1947,Dec,0.52
194801,1948,Jan,0.34
194802,1948,Feb,0.21
194803,1948,Mar,-0.42
194804,1948,Apr,-2.01
194805,1948,May,0.64
194806,1948,Jun,0.61
194807,1948,Jul,-0.52
194808,1948,Aug,-1.29
194809,1948,Sep,-1.42
194810,1948,Oct,-1.53
194811,1948,Nov,-0.49
194812,1948,Dec,-1.9
194901,1949,Jan,-2.76
194902,1949,Feb,-2.99
194903,1949,Mar,-1.75
194904,1949,Apr,-1.44
194905,1949,May,-1.28
194906,1949,Jun,-0.9
194907,1949,Jul,-1.38
194908,1949,Aug,-1.49
194909,1949,Sep,-1.5
194910,1949,Oct,-2.17
194911,1949,Nov,-1.07
194912,1949,Dec,-1.01
195001,1950,Jan,-1.73
195002,1950,Feb,-2.21
195003,1950,Mar,-1.91
195004,1950,Apr,-1.99
195005,1950,May,-3.02
195006,1950,Jun,-2.23
195007,1950,Jul,-3.5
195008,1950,Aug,-2.88
195009,1950,Sep,-2.33
195010,1950,Oct,-1.89
195011,1950,Nov,-1.46
195012,1950,Dec,-1.2
195101,1951,Jan,-1.25
195102,1951,Feb,-1.58
195103,1951,Mar,-1.72
195104,1951,Apr,-1.31
195105,1951,May,-1.17
195106,1951,Jun,-1.38
195107,1951,Jul,-0.24
195108,1951,Aug,-1.59
195109,1951,Sep,-0.82
195110,1951,Oct,-0.1
195111,1951,Nov,-0.44
195112,1951,Dec,-1.3
195201,1952,Jan,-2.26
195202,1952,Feb,-1.65
195203,1952,Mar,-1.66
195204,1952,Apr,-1.91
195205,1952,May,-1.81
195206,1952,Jun,-1.87
195207,1952,Jul,-2.08
195208,1952,Aug,-1.4
195209,1952,Sep,-1.36
195210,1952,Oct,-0.89
195211,1952,Nov,-0.41
195212,1952,Dec,-0.95
195301,1953,Jan,-0.16
195302,1953,Feb,-0.4
195303,1953,Mar,-1.26
195304,1953,Apr,-0.96
195305,1953,May,-0.57
195306,1953,Jun,-0.36
195307,1953,Jul,0.17
195308,1953,Aug,-0.81
195309,1953,Sep,-0.81
195310,1953,Oct,-1.19
195311,1953,Nov,-0.42
195312,1953,Dec,-0.02
195401,1954,Jan,-0.99
195402,1954,Feb,-0.93
195403,1954,Mar,-1
195404,1954,Apr,-1.23
195405,1954,May,-0.63
195406,1954,Jun,0.64
195407,1954,Jul,0.07
195408,1954,Aug,-0.18
195409,1954,Sep,-1
195410,1954,Oct,0.08
195411,1954,Nov,0.86
195412,1954,Dec,0.37
195501,1955,Jan,-0.18
195502,1955,Feb,-1.09
195503,1955,Mar,-1.26
195504,1955,Apr,-2.22
195505,1955,May,-1.82
195506,1955,Jun,-2.21
195507,1955,Jul,-2.75
195508,1955,Aug,-2.56
195509,1955,Sep,-2.38
195510,1955,Oct,-3.29
195511,1955,Nov,-2.66
195512,1955,Dec,-2.2
195601,1956,Jan,-2.23
195602,1956,Feb,-2.31
195603,1956,Mar,-2.89
195604,1956,Apr,-2.57
195605,1956,May,-1.59
195606,1956,Jun,-1.96
195607,1956,Jul,-1.52
195608,1956,Aug,-1.02
195609,1956,Sep,-0.35
195610,1956,Oct,-1.71
195611,1956,Nov,-2.44
195612,1956,Dec,-1.26
195701,1957,Jan,-1.36
195702,1957,Feb,-1.48
195703,1957,Mar,-0.9
195704,1957,Apr,-0.79
195705,1957,May,0
195706,1957,Jun,1.61
195707,1957,Jul,0.64
195708,1957,Aug,0.34
195709,1957,Sep,1.89
195710,1957,Oct,1.82
195711,1957,Nov,1.67
195712,1957,Dec,0.53
195801,1958,Jan,0.88
195802,1958,Feb,0.98
195803,1958,Mar,0.68
195804,1958,Apr,0.76
195805,1958,May,1.55
195806,1958,Jun,1.62
195807,1958,Jul,0.52
195808,1958,Aug,1.13
195809,1958,Sep,0.82
195810,1958,Oct,0.46
195811,1958,Nov,0.47
195812,1958,Dec,1.19
195901,1959,Jan,1.06
195902,1959,Feb,0.36
195903,1959,Mar,0.07
195904,1959,Apr,-0.05
195905,1959,May,-0.06
195906,1959,Jun,0.29
195907,1959,Jul,-0.41
195908,1959,Aug,-0.38
195909,1959,Sep,-0.51
195910,1959,Oct,0.88
195911,1959,Nov,1.38
195912,1959,Dec,1.04
196001,1960,Jan,0.33
196002,1960,Feb,0.57
196003,1960,Mar,0.35
196004,1960,Apr,0.15
196005,1960,May,0.42
196006,1960,Jun,1.07
196007,1960,Jul,-0.59
196008,1960,Aug,-0.32
196009,1960,Sep,-0.97
196010,1960,Oct,-0.34
196011,1960,Nov,-0.27
196012,1960,Dec,0.15
196101,1961,Jan,0.9
196102,1961,Feb,0.92
196103,1961,Mar,0.62
196104,1961,Apr,0.32
196105,1961,May,-0.39
196106,1961,Jun,-0.67
196107,1961,Jul,-1.12
196108,1961,Aug,-0.81
196109,1961,Sep,-1.19
196110,1961,Oct,-1.76
196111,1961,Nov,-1.49
196112,1961,Dec,-1.77
196201,1962,Jan,-1.04
196202,1962,Feb,-1.04
196203,1962,Mar,-1.14
196204,1962,Apr,-0.97
196205,1962,May,-1.29
196206,1962,Jun,-1.8
196207,1962,Jul,-1.93
196208,1962,Aug,-0.67
196209,1962,Sep,-1.58
196210,1962,Oct,-1.64
196211,1962,Nov,-0.37
196212,1962,Dec,-0.2
196301,1963,Jan,0.08
196302,1963,Feb,0.27
196303,1963,Mar,-0.19
196304,1963,Apr,-0.43
196305,1963,May,-1.14
196306,1963,Jun,-0.69
196307,1963,Jul,-1.28
196308,1963,Aug,-1.03
196309,1963,Sep,0.85
196310,1963,Oct,0.29
196311,1963,Nov,-0.48
196312,1963,Dec,0.43
196401,1964,Jan,0.48
196402,1964,Feb,0.24
196403,1964,Mar,-0.69
196404,1964,Apr,-1.25
196405,1964,May,-2.31
196406,1964,Jun,-0.75
196407,1964,Jul,-1.07
196408,1964,Aug,-1.53
196409,1964,Sep,-1.36
196410,1964,Oct,-0.66
196411,1964,Nov,-0.65
196412,1964,Dec,-0.62
196501,1965,Jan,-0.99
196502,1965,Feb,-0.65
196503,1965,Mar,-0.22
196504,1965,Apr,-0.11
196505,1965,May,-0.67
196506,1965,Jun,-0.8
196507,1965,Jul,-0.72
196508,1965,Aug,0.3
196509,1965,Sep,0.78
196510,1965,Oct,0.33
196511,1965,Nov,0.43
196512,1965,Dec,0.28
196601,1966,Jan,-0.72
196602,1966,Feb,-0.49
196603,1966,Mar,-1
196604,1966,Apr,-0.37
196605,1966,May,-0.68
196606,1966,Jun,0.04
196607,1966,Jul,-0.1
196608,1966,Aug,-0.43
196609,1966,Sep,-0.5
196610,1966,Oct,-0.7
196611,1966,Nov,-0.79
196612,1966,Dec,-0.24
196701,1967,Jan,-0.27
196702,1967,Feb,-0.29
196703,1967,Mar,-0.82
196704,1967,Apr,-1.13
196705,1967,May,-1.6
196706,1967,Jun,-1.25
196707,1967,Jul,-1.22
196708,1967,Aug,-1.63
196709,1967,Sep,-0.69
196710,1967,Oct,-0.17
196711,1967,Nov,0.29
196712,1967,Dec,-0.72
196801,1968,Jan,-0.66
196802,1968,Feb,-0.26
196803,1968,Mar,-0.03
196804,1968,Apr,-0.78
196805,1968,May,-0.76
196806,1968,Jun,0.14
196807,1968,Jul,0.41
196808,1968,Aug,-0.03
196809,1968,Sep,0.26
196810,1968,Oct,-0.22
196811,1968,Nov,0
196812,1968,Dec,-0.32
196901,1969,Jan,-0.75
196902,1969,Feb,-1.25
196903,1969,Mar,-1.23
196904,1969,Apr,-1.08
196905,1969,May,-1.02
196906,1969,Jun,0.81
196907,1969,Jul,-0.49
196908,1969,Aug,-1.06
196909,1969,Sep,-1.19
196910,1969,Oct,0.87
196911,1969,Nov,0.58
196912,1969,Dec,1.08
197001,1970,Jan,1.03
197002,1970,Feb,0.97
197003,1970,Mar,1.18
197004,1970,Apr,0.31
197005,1970,May,-0.84
197006,1970,Jun,-0.04
197007,1970,Jul,-0.97
197008,1970,Aug,-1.83
197009,1970,Sep,-1.72
197010,1970,Oct,-1.19
197011,1970,Nov,-0.94
197012,1970,Dec,-0.95
197101,1971,Jan,-1.32
197102,1971,Feb,-1.53
197103,1971,Mar,-1.64
197104,1971,Apr,-1.74
197105,1971,May,-1.72
197106,1971,Jun,-1.69
197107,1971,Jul,-2.29
197108,1971,Aug,-0.42
197109,1971,Sep,-0.23
197110,1971,Oct,-0.44
197111,1971,Nov,-1.32
197112,1971,Dec,-1.77
197201,1972,Jan,-2.12
197202,1972,Feb,-1.99
197203,1972,Mar,-1.61
197204,1972,Apr,-1.76
197205,1972,May,-2.16
197206,1972,Jun,-1.88
197207,1972,Jul,-1.55
197208,1972,Aug,-0.22
197209,1972,Sep,-0.13
197210,1972,Oct,-0.16
197211,1972,Nov,-0.04
197212,1972,Dec,-0.4
197301,1973,Jan,-0.22
197302,1973,Feb,-0.59
197303,1973,Mar,-0.89
197304,1973,Apr,-1.4
197305,1973,May,-1.63
197306,1973,Jun,-1.45
197307,1973,Jul,-1.42
197308,1973,Aug,-1.64
197309,1973,Sep,-1.14
197310,1973,Oct,-1.37
197311,1973,Nov,-1.5
197312,1973,Dec,-0.96
197401,1974,Jan,-0.92
197402,1974,Feb,-1.39
197403,1974,Mar,-1.29
197404,1974,Apr,-0.7
197405,1974,May,-0.78
197406,1974,Jun,-0.5
197407,1974,Jul,-0.15
197408,1974,Aug,-0.33
197409,1974,Sep,0.6
197410,1974,Oct,0.08
197411,1974,Nov,0.57
197412,1974,Dec,0.31
197501,1975,Jan,-0.66
197502,1975,Feb,-1.01
197503,1975,Mar,-1.15
197504,1975,Apr,-1.85
197505,1975,May,-2.04
197506,1975,Jun,-1.69
197507,1975,Jul,-0.98
197508,1975,Aug,-1.65
197509,1975,Sep,-1.67
197510,1975,Oct,-1.63
197511,1975,Nov,-1.74
197512,1975,Dec,-1.46
197601,1976,Jan,-1.1
197602,1976,Feb,-1.05
197603,1976,Mar,-1.35
197604,1976,Apr,-1.4
197605,1976,May,-1.14
197606,1976,Jun,-1.26
197607,1976,Jul,0.26
197608,1976,Aug,0.92
197609,1976,Sep,0.53
197610,1976,Oct,1.07
197611,1976,Nov,1.31
197612,1976,Dec,1.2
197701,1977,Jan,1.16
197702,1977,Feb,1.4
197703,1977,Mar,0.57
197704,1977,Apr,-0.23
197705,1977,May,-0.41
197706,1977,Jun,-0.02
197707,1977,Jul,-0.09
197708,1977,Aug,-0.07
197709,1977,Sep,-0.66
197710,1977,Oct,-0.88
197711,1977,Nov,-0.45
197712,1977,Dec,-0.13
197801,1978,Jan,0.55
197802,1978,Feb,0.75
197803,1978,Mar,1.07
197804,1978,Apr,0.95
197805,1978,May,0.69
197806,1978,Jun,0.24
197807,1978,Jul,-1.64
197808,1978,Aug,-0.97
197809,1978,Sep,-0.81
197810,1978,Oct,-0.02
197811,1978,Nov,-0.07
197812,1978,Dec,-0.57
197901,1979,Jan,-0.42
197902,1979,Feb,-1.26
197903,1979,Mar,-0.65
197904,1979,Apr,-0.19
197905,1979,May,0.52
197906,1979,Jun,0.14
197907,1979,Jul,0.18
197908,1979,Aug,0.08
197909,1979,Sep,0.84
197910,1979,Oct,1.06
197911,1979,Nov,0.5
197912,1979,Dec,0.04
198001,1980,Jan,0.06
198002,1980,Feb,0.6
198003,1980,Mar,0.6
198004,1980,Apr,0.72
198005,1980,May,0.57
198006,1980,Jun,-0.78
198007,1980,Jul,-0.32
198008,1980,Aug,-0.12
198009,1980,Sep,-0.29
198010,1980,Oct,0.92
198011,1980,Nov,0.7
198012,1980,Dec,0.36
198101,1981,Jan,1.18
198102,1981,Feb,1.25
198103,1981,Mar,1.16
198104,1981,Apr,1.01
198105,1981,May,1.22
198106,1981,Jun,1.77
198107,1981,Jul,0.71
198108,1981,Aug,-0.11
198109,1981,Sep,0.34
198110,1981,Oct,-0.15
198111,1981,Nov,0.45
198112,1981,Dec,0.6
198201,1982,Jan,0.15
198202,1982,Feb,-0.1
198203,1982,Mar,-0.32
198204,1982,Apr,-0.67
198205,1982,May,-1.17
198206,1982,Jun,-0.98
198207,1982,Jul,0.09
198208,1982,Aug,-0.11
198209,1982,Sep,0.53
198210,1982,Oct,0.1
198211,1982,Nov,-0.61
198212,1982,Dec,0.12
198301,1983,Jan,0.39
198302,1983,Feb,0.92
198303,1983,Mar,1.65
198304,1983,Apr,1.2
198305,1983,May,0.95
198306,1983,Jun,1.82
198307,1983,Jul,2.41
198308,1983,Aug,1.11
198309,1983,Sep,0.34
198310,1983,Oct,0.6
198311,1983,Nov,1.15
198312,1983,Dec,1.7
198401,1984,Jan,1.43
198402,1984,Feb,1.25
198403,1984,Mar,1.55
198404,1984,Apr,0.97
198405,1984,May,0.89
198406,1984,Jun,-0.12
198407,1984,Jul,-0.39
198408,1984,Aug,0.02
198409,1984,Sep,0.14
198410,1984,Oct,0.4
198411,1984,Nov,0.5
198412,1984,Dec,0.49
198501,1985,Jan,0.9
198502,1985,Feb,0.52
198503,1985,Mar,-0.29
198504,1985,Apr,-0.51
198505,1985,May,-0.87
198506,1985,Jun,0.04
198507,1985,Jul,0.43
198508,1985,Aug,0.08
198509,1985,Sep,0.02
198510,1985,Oct,0.1
198511,1985,Nov,-0.7
198512,1985,Dec,0.28
198601,1986,Jan,1.03
198602,1986,Feb,1.48
198603,1986,Mar,1.6
198604,1986,Apr,1.09
198605,1986,May,0.73
198606,1986,Jun,0.59
198607,1986,Jul,1.04
198608,1986,Aug,-0.17
198609,1986,Sep,-0.05
198610,1986,Oct,0.9
198611,1986,Nov,1.62
198612,1986,Dec,1.66
198701,1987,Jan,1.44
198702,1987,Feb,1.44
198703,1987,Mar,1.34
198704,1987,Apr,1.39
198705,1987,May,0.84
198706,1987,Jun,0.05
198707,1987,Jul,1.35
198708,1987,Aug,1.68
198709,1987,Sep,1.42
198710,1987,Oct,0.68
198711,1987,Nov,0.88
198712,1987,Dec,0.91
198801,1988,Jan,0.28
198802,1988,Feb,0.49
198803,1988,Mar,0.52
198804,1988,Apr,0.34
198805,1988,May,0.26
198806,1988,Jun,0.11
198807,1988,Jul,-0.27
198808,1988,Aug,-0.91
198809,1988,Sep,-1.01
198810,1988,Oct,-0.45
198811,1988,Nov,-0.14
198812,1988,Dec,-0.15
198901,1989,Jan,-1.26
198902,1989,Feb,-1.43
198903,1989,Mar,-1.25
198904,1989,Apr,-0.32
198905,1989,May,-0.17
198906,1989,Jun,0.03
198907,1989,Jul,0.47
198908,1989,Aug,-0.58
198909,1989,Sep,-0.65
198910,1989,Oct,-0.57
198911,1989,Nov,-0.78
198912,1989,Dec,-0.11
199001,1990,Jan,-0.39
199002,1990,Feb,-1.24
199003,1990,Mar,-1.24
199004,1990,Apr,-0.2
199005,1990,May,-0.42
199006,1990,Jun,-0.32
199007,1990,Jul,-0.35
199008,1990,Aug,-0.45
199009,1990,Sep,-0.32
199010,1990,Oct,-1.19
199011,1990,Nov,-1.93
199012,1990,Dec,-2.23
199101,1991,Jan,-1.72
199102,1991,Feb,-1.09
199103,1991,Mar,-1.16
199104,1991,Apr,-1.63
199105,1991,May,-1.7
199106,1991,Jun,-2.36
199107,1991,Jul,-1.59
199108,1991,Aug,-0.65
199109,1991,Sep,0.22
199110,1991,Oct,0.24
199111,1991,Nov,0.43
199112,1991,Dec,-0.19
199201,1992,Jan,0.06
199202,1992,Feb,0.11
199203,1992,Mar,0.08
199204,1992,Apr,0.48
199205,1992,May,1.12
199206,1992,Jun,1.14
199207,1992,Jul,1.45
199208,1992,Aug,0.84
199209,1992,Sep,0.4
199210,1992,Oct,1.16
199211,1992,Nov,1.24
199212,1992,Dec,0.31
199301,1993,Jan,-0.28
199302,1993,Feb,0.05
199303,1993,Mar,0.23
199304,1993,Apr,0.93
199305,1993,May,1.66
199306,1993,Jun,1.96
199307,1993,Jul,1.37
199308,1993,Aug,1.79
199309,1993,Sep,1.06
199310,1993,Oct,1.24
199311,1993,Nov,1.02
199312,1993,Dec,0.65
199401,1994,Jan,0.86
199402,1994,Feb,0.4
199403,1994,Mar,0.27
199404,1994,Apr,0.52
199405,1994,May,0.46
199406,1994,Jun,-0.08
199407,1994,Jul,-1.02
199408,1994,Aug,-0.98
199409,1994,Sep,-1.54
199410,1994,Oct,-1.1
199411,1994,Nov,-2.04
199412,1994,Dec,-2.16
199501,1995,Jan,-0.87
199502,1995,Feb,0.09
199503,1995,Mar,0.36
199504,1995,Apr,0.41
199505,1995,May,0.69
199506,1995,Jun,0.85
199507,1995,Jul,0.8
199508,1995,Aug,-0.35
199509,1995,Sep,1.02
199510,1995,Oct,0.46
199511,1995,Nov,0
199512,1995,Dec,0.38
199601,1996,Jan,0.94
199602,1996,Feb,0.92
199603,1996,Mar,0.83
199604,1996,Apr,1.33
199605,1996,May,1.93
199606,1996,Jun,0.91
199607,1996,Jul,0.48
199608,1996,Aug,-0.72
199609,1996,Sep,0.03
199610,1996,Oct,0.3
199611,1996,Nov,0.36
199612,1996,Dec,0.01
199701,1997,Jan,0.42
199702,1997,Feb,0.28
199703,1997,Mar,0.41
199704,1997,Apr,0.69
199705,1997,May,1.38
199706,1997,Jun,2.33
199707,1997,Jul,1.38
199708,1997,Aug,2.08
199709,1997,Sep,1.6
199710,1997,Oct,1.72
199711,1997,Nov,1.42
199712,1997,Dec,0.97
199801,1998,Jan,1.12
199802,1998,Feb,1.51
199803,1998,Mar,1.33
199804,1998,Apr,0.05
199805,1998,May,-0.8
199806,1998,Jun,-0.7
199807,1998,Jul,-1.23
199808,1998,Aug,-0.83
199809,1998,Sep,-1.54
199810,1998,Oct,-2.23
199811,1998,Nov,-1.04
199812,1998,Dec,-1.05
199901,1999,Jan,-0.64
199902,1999,Feb,-0.94
199903,1999,Mar,-1.09
199904,1999,Apr,-1.76
199905,1999,May,-2.2
199906,1999,Jun,-2.34
199907,1999,Jul,-1.94
199908,1999,Aug,-1.84
199909,1999,Sep,-2.23
199910,1999,Oct,-2.49
199911,1999,Nov,-2.15
199912,1999,Dec,-1.77
200001,2000,Jan,-2.13
200002,2000,Feb,-1.22
200003,2000,Mar,-0.65
200004,2000,Apr,-0.64
200005,2000,May,-0.86
200006,2000,Jun,-0.66
200007,2000,Jul,-1.45
200008,2000,Aug,-1.74
200009,2000,Sep,-1.55
200010,2000,Oct,-1.67
200011,2000,Nov,-1.06
200012,2000,Dec,0.06
200101,2001,Jan,0.64
200102,2001,Feb,0.05
200103,2001,Mar,-0.3
200104,2001,Apr,-1.23
200105,2001,May,-1.1
200106,2001,Jun,-1.28
200107,2001,Jul,-2.31
200108,2001,Aug,-1.86
200109,2001,Sep,-2.13
200110,2001,Oct,-1.87
200111,2001,Nov,-1.17
200112,2001,Dec,-0.99
200201,2002,Jan,-0.34
200202,2002,Feb,-1.29
200203,2002,Mar,-1.13
200204,2002,Apr,-1.23
200205,2002,May,-1.57
200206,2002,Jun,-1.27
200207,2002,Jul,-0.97
200208,2002,Aug,-0.15
200209,2002,Sep,-0.38
200210,2002,Oct,-0.25
200211,2002,Nov,1.04
200212,2002,Dec,1.63
200301,2003,Jan,1.58
200302,2003,Feb,1.32
200303,2003,Mar,1.08
200304,2003,Apr,0.32
200305,2003,May,0.06
200306,2003,Jun,-0.51
200307,2003,Jul,0.11
200308,2003,Aug,0.4
200309,2003,Sep,-0.46
200310,2003,Oct,0.54
200311,2003,Nov,-0.19
200312,2003,Dec,-0.41
200401,2004,Jan,-0.42
200402,2004,Feb,-0.11
200403,2004,Mar,-0.13
200404,2004,Apr,-0.2
200405,2004,May,0.23
200406,2004,Jun,-0.49
200407,2004,Jul,-0.24
200408,2004,Aug,0.02
200409,2004,Sep,-0.17
200410,2004,Oct,-0.76
200411,2004,Nov,-1.24
200412,2004,Dec,-0.74
200501,2005,Jan,-0.13
200502,2005,Feb,0.17
200503,2005,Mar,0.69
200504,2005,Apr,0.21
200505,2005,May,1.06
200506,2005,Jun,0.56
200507,2005,Jul,-0.2
200508,2005,Aug,-0.61
200509,2005,Sep,-1.11
200510,2005,Oct,-2.05
200511,2005,Nov,-1.84
200512,2005,Dec,-0.1
200601,2006,Jan,0.54
200602,2006,Feb,0.38
200603,2006,Mar,-0.72
200604,2006,Apr,-0.55
200605,2006,May,-0.45
200606,2006,Jun,-0.04
200607,2006,Jul,0.12
200608,2006,Aug,-1.13
200609,2006,Sep,-1.75
200610,2006,Oct,-0.6
200611,2006,Nov,-0.83
200612,2006,Dec,-0.54
200701,2007,Jan,-0.63
200702,2007,Feb,-0.63
200703,2007,Mar,-1.05
200704,2007,Apr,-0.56
200705,2007,May,-0.53
200706,2007,Jun,-0.37
200707,2007,Jul,0.16
200708,2007,Aug,-0.15
200709,2007,Sep,-1.04
200710,2007,Oct,-2.24
200711,2007,Nov,-1.38
200712,2007,Dec,-0.92
200801,2008,Jan,-1.47
200802,2008,Feb,-1.33
200803,2008,Mar,-1.26
200804,2008,Apr,-2
200805,2008,May,-1.93
200806,2008,Jun,-2.11
200807,2008,Jul,-2.17
200808,2008,Aug,-2
200809,2008,Sep,-2.02
200810,2008,Oct,-1.8
200811,2008,Nov,-1.57
200812,2008,Dec,-1.31
200901,2009,Jan,-1.7
200902,2009,Feb,-1.76
200903,2009,Mar,-2.03
200904,2009,Apr,-2.28
200905,2009,May,-1.45
200906,2009,Jun,-0.85
200907,2009,Jul,-0.88
200908,2009,Aug,-0.5
200909,2009,Sep,0.19
200910,2009,Oct,-0.23
200911,2009,Nov,-1.01
200912,2009,Dec,-0.51
201001,2010,Jan,0.06
201002,2010,Feb,0.16
201003,2010,Mar,-0.21
201004,2010,Apr,-0.28
201005,2010,May,-0.36
201006,2010,Jun,-0.94
201007,2010,Jul,-2.16
201008,2010,Aug,-2.44
201009,2010,Sep,-2.44
201010,2010,Oct,-1.6
201011,2010,Nov,-1.58
201012,2010,Dec,-1.99
201101,2011,Jan,-1.73
201102,2011,Feb,-1.45
201103,2011,Mar,-1.29
201104,2011,Apr,-1.26
201105,2011,May,-0.97
201106,2011,Jun,-1.32
201107,2011,Jul,-2.49
201108,2011,Aug,-2.59
201109,2011,Sep,-2.63
201110,2011,Oct,-1.95
201111,2011,Nov,-2.96
201112,2011,Dec,-2.32
201201,2012,Jan,-1.72
201202,2012,Feb,-1.27
201203,2012,Mar,-1.62
201204,2012,Apr,-0.94
201205,2012,May,-2.01
201206,2012,Jun,-1.43
201207,2012,Jul,-2.34
201208,2012,Aug,-2.51
201209,2012,Sep,-3.05
201210,2012,Oct,-1.22
201211,2012,Nov,-0.59
201212,2012,Dec,-1.25
201301,2013,Jan,-0.94
201302,2013,Feb,-1.32
201303,2013,Mar,-1.19
201304,2013,Apr,-0.63
201305,2013,May,-0.42
201306,2013,Jun,-1.26
201307,2013,Jul,-1.77
201308,2013,Aug,-1.79
201309,2013,Sep,-1.1
201310,2013,Oct,-1.9
201311,2013,Nov,-1.18
201312,2013,Dec,-1.15
201401,2014,Jan,-0.6
201402,2014,Feb,-0.42
201403,2014,Mar,0.29
201404,2014,Apr,0.41
201405,2014,May,1.07
201406,2014,Jun,-0.33
201407,2014,Jul,0.13
201408,2014,Aug,-0.06
201409,2014,Sep,0.54
201410,2014,Oct,1.33
201411,2014,Nov,1.34
201412,2014,Dec,1.93
201501,2015,Jan,1.69
201502,2015,Feb,1.74
201503,2015,Mar,1.48
201504,2015,Apr,0.89
201505,2015,May,0.29
201506,2015,Jun,0.63
201507,2015,Jul,1.2
201508,2015,Aug,0.67
201509,2015,Sep,0.82
201510,2015,Oct,0.74
201511,2015,Nov,0.13
201512,2015,Dec,0.52
201601,2016,Jan,0.81
201602,2016,Feb,1.25
201603,2016,Mar,1.55
201604,2016,Apr,1.62
201605,2016,May,1.44
201606,2016,Jun,0.79
201607,2016,Jul,0.16
201608,2016,Aug,-0.87
201609,2016,Sep,-1.06
201610,2016,Oct,-0.68
201611,2016,Nov,0.84
201612,2016,Dec,0.54
201701,2017,Jan,0.13
201702,2017,Feb,0.07
201703,2017,Mar,0.14
201704,2017,Apr,0.55
201705,2017,May,0.27
201706,2017,Jun,0.18
201707,2017,Jul,-0.49
201708,2017,Aug,-0.64
201709,2017,Sep,-0.26
201710,2017,Oct,-0.62
201711,2017,Nov,-0.45
201712,2017,Dec,-0.12
201801,2018,Jan,0.33
201802,2018,Feb,-0.15
201803,2018,Mar,-0.62
201804,2018,Apr,-0.88
201805,2018,May,-0.69
201806,2018,Jun,-0.85
201807,2018,Jul,-0.1
201808,2018,Aug,-0.44
201809,2018,Sep,-0.46
201810,2018,Oct,-0.75
201811,2018,Nov,-0.78
201812,2018,Dec,-0.09
